accession,plantID,cabinet,tray,position,ID,ordinal
K19,KB_K19.8,3,10A2,182,5562,1
MB16,MID_MB16.1,3,10A3,183,5611,2
VR25,VR_VR25.1,3,10A4,184,6025,3
MB2,MID_MB2.1,3,10A5,185,6050,4
ME6,ME_ME6.29,3,10B1,186,5593,5
HB11,HB_HB11.8,3,10B2,187,5521,6
SB16,SB_SB16.1,3,10B3,188,5624,7
ME17,ME_ME17.26,3,10B4,189,5572,8
SB9,SB_SB9.2,3,10B5,190,6054,9
UP38,UDP_UP38.23,3,10C1,191,5700,10
ME6,ME_ME6.22,3,10C2,192,5586,11
PK2,PK_PK2.2,3,10C3,193,6055,12
FG23,WOR_FG23.1,3,10C4,194,5743,13
ME17,ME_ME17.3,3,10C5,195,5567,14
UD13,UDP_UD13.16,3,10D1,196,5665,15
MEP2,ME_MEP2.7,3,10D2,197,5609,16
UD13,UDP_UD13.18,3,10D3,198,5666,17
K13,KB_K13.6,3,10D4,199,5550,18
HB11,HB_HB11.6,3,11A2,202,5520,19
HB11,HB_HB11.10,3,11A3,203,5522,20
HB49,HB_HB49.7,3,11A4,204,5545,21
HB47,HB_HB47.2,3,11A5,205,5541,22
EZ6,EZE_EZ6.2,3,11B1,206,5511,23
VR13,VR_VR13.2,3,11B2,207,5722,24
UP39,UDP_UP39.8,3,11B3,208,5707,25
MEP2,ME_MEP2.5,3,11B4,209,5608,26
EZ11,EZE_EZ11.2,3,11B5,210,5502,27
UP45,UDP_UP45.14,3,11C1,211,5718,28
LG15,PKHLEI_LG15.3,3,11C2,212,5621,29
UD4,UDP_UD4.10,3,11C3,213,6057,30
K6,KB_K6.1,3,11C4,214,5564,31
UP38,UDP_UP38.19,3,11C5,215,5698,32
UD13,UDP_UD13.28,3,11D1,216,5673,33
FG20,WOR_FG20.8,3,11D2,217,5740,34
ME6,ME_ME6.7,3,11D3,218,5589,35
fg2,FG_fg2.5,3,11D4,219,6027,36
UP45,UDP_UP45.23,3,12A2,222,5716,37
ME8,ME_ME8.1,3,12A3,223,5596,38
HB47,HB_HB47.4,3,12A4,224,5542,39
K7,KB_K7.2,3,12A5,225,5565,40
HB16,HB_HB16.5,3,12B1,226,5528,41
M1U,UDP_M1U.10,3,12B2,227,5648,42
UP39,UDP_UP39.4,3,12B3,228,5705,43
MB11,MID_MB11.1,3,12B4,229,5610,44
EZ1,EZE_EZ1.5,3,12B5,230,6013,45
SB8,SB_SB8.3,3,12C1,231,5628,46
UD14,UDP_UD14.2,3,12C2,232,5674,47
K19,KB_K19.6,3,12C3,233,5561,48
VR27,VR_VR27.1,3,12C4,234,5730,49
ME2,ME_ME2.1,3,12C5,235,5580,50
ORW1,ORW_ORW1.1,3,12D1,236,5612,51
M1U,UDP_M1U.2,3,12D2,237,5649,52
HB28,HB_HB28.7,3,12D3,238,6066,53
LG15,PKHLEI_LG15.1,3,12D4,239,5620,54
EZ4,EZE_EZ4.5,3,13A2,242,5510,55
EZ1,EZE_EZ1.1,3,13A3,243,6011,56
K13,KB_K13.8,3,13A4,244,5551,57
UD10,UDP_UD10.7,3,13A5,245,5661,58
EZ9,EZE_EZ9.5,3,13B1,246,5512,59
UP45,UDP_UP45.19,3,13B2,247,5713,60
HB41,HB_HB41.3,3,13B3,248,5534,61
M13,UDP_M13.3,3,13B4,249,6034,62
HB16,HB_HB16.3,3,13B5,250,5527,63
FG21,WOR_FG21.2,3,13C1,251,5742,64
ME6,ME_ME6.24,3,13C2,252,5587,65
ME17,ME_ME17.24,3,13C3,253,5571,66
UP38,UDP_UP38.1,3,13C4,254,6018,67
K19,KB_K19.4,3,13C5,255,5560,68
UD4,UDP_UD4.4,3,13D1,256,5690,69
ME8,ME_ME8.2,3,13D2,257,5597,70
M22,MID_M22.2,3,13D3,258,6053,71
UP45,UDP_UP45.21,3,13D4,259,5714,72
ME8,ME_ME8.24,3,14A2,262,5600,73
D,PK_D.3,3,14A3,263,5616,74
ME6,ME_ME6.27,3,14A4,264,5592,75
VR31,VR_VR31.3,3,14A5,265,5732,76
HB11,HB_HB11.4,3,14B1,266,5519,77
M13,UDP_M13.27,3,14B2,267,6039,78
K100,KB_K100.2,3,14B3,268,5546,79
SEW6,SEW_SEW6.3,3,14B4,269,5632,80
VR27,VR_VR27.5,3,14B5,270,5727,81
ME17,ME_ME17.33,3,14C1,271,5578,82
UD13,UDP_UD13.1,3,14C2,272,5662,83
UP39,UDP_UP39.6,3,14C3,273,5706,84
SEWUSE3,SEW_SEWUSE3.1,3,14C4,274,5634,85
M13,UDP_M13.3,3,14C5,275,5639,86
ME6,ME_ME6.31,3,14D1,276,5594,87
HB46,HB_HB46.1,3,14D2,277,6008,88
EZ2,EZE_EZ2.3,3,14D3,278,5505,89
ME6,ME_ME6.3,3,14D4,279,5585,90
M1U,UDP_M1U.4,3,15A2,282,5645,91
UP38,UDP_UP38.17,3,15A3,283,5697,92
VR31,VR_VR31.2,3,15A4,284,5734,93
K15,KB_K15.1,3,15A5,285,5558,94
UP38,UDP_UP38.21,3,15B1,286,5699,95
M5,UDP_M5.2,3,15B2,287,5653,96
UD20,UDP_UD20.5,3,15B3,288,5683,97
EZ4,EZE_EZ4.3,3,15B4,289,5509,98
HB19,HB_HB19.3,3,15B5,290,5531,99
LG16,LG_LG16.1,3,15C1,291,6026,100
M8,UDP_M8.7,3,15C2,292,6068,101
HB14,HB_HB14.6,3,15C3,293,5523,102
K15,KB_K15.8,3,15C4,294,5556,103
ME2,ME_ME2.7,3,15C5,295,5583,104
HB17,HB_HB17.2,3,15D1,296,6045,105
EZ5,EZE_EZ5.1,3,15D2,297,6015,106
ME6,ME_ME6.12,3,15D3,298,5595,107
UD10,UDP_UD10.3,3,15D4,299,5659,108
HB41,HB_HB41.5,3,16A2,302,5535,109
EZ5,EZE_EZ5.3,3,16A3,303,6016,110
ME8,ME_ME8.22,3,16A4,304,5599,111
EZ7,EZE_EZ7.1,3,16A5,305,6000,112
EZ5,EZE_EZ5.5,3,16B1,306,6017,113
M13,UDP_M13.1,3,16B2,307,6033,114
UP45,UDP_UP45.3,3,16B3,308,5710,115
VR3,VR_VR3.1,3,16B4,309,5731,116
SW4,SW_SW4.2,3,16B5,310,6061,117
UD13,UDP_UD13.22,3,16C1,311,5669,118
UD4,UDP_UD4.8,3,16C2,312,5692,119
K15,KB_K15.6,3,16C3,313,5555,120
M13,UDP_M13.8,3,16C4,314,6037,121
M8,UDP_M8.6,3,16C5,315,6062,122
UD20,UDP_UD20.1,3,16D1,316,5679,123
ME17,ME_ME17.4,3,16D2,317,5568,124
EZ9,EZE_EZ9.4,3,16D3,318,5514,125
K15,KB_K15.4,3,16D4,319,5554,126
EZ1,EZE_EZ1.7,3,1A2,2,6014,127
NR6,NR_NR6.1,3,1A3,3,6023,128
VR23,VR_VR23.1,3,1A4,4,5724,129
VR32,VR_VR32.3,3,1A5,5,6031,130
SEW6,SEW_SEW6.1,3,1B1,6,5631,131
SB10,SB_SB10.4,3,1B2,7,6060,132
fg2,WOR_fg2.5,3,1B3,8,5739,133
UP38,UDP_UP38.7,3,1B4,9,6021,134
UP45,UDP_UP45.5,3,1B5,10,5711,135
HB14,HB_HB14.4,3,1C1,11,5525,136
EZ4,EZE_EZ4.1,3,1C2,12,5508,137
UP38,UDP_UP38.25,3,1C3,13,5701,138
SB10,SB_SB10.2,3,1C4,14,5623,139
UD4,UDP_UD4.11,3,1C5,15,6058,140
SEWUSE3,SEW_SEWUSE3.3,3,1D1,16,5635,141
ME9,ME_ME9.2,3,1D2,17,5604,142
UP45,UDP_UP45.25,3,1D3,18,5719,143
UP45,UDP_UP45.12,3,1D4,19,5717,144
EZ11,EZE_EZ11.9,3,2A2,22,5501,145
ME17,ME_ME17.6,3,2A3,23,5569,146
fg2,WOR_fg2.3,3,2A4,24,5738,147
FG24,FG_FG24.3,3,2A5,25,6003,148
HB19,HB_HB19.1,3,2B1,26,5530,149
UD10,UDP_UD10.1,3,2B2,27,5658,150
SB16,SB_SB16.3,3,2B3,28,5625,151
M13,UDP_M13.6,3,2B4,29,6036,152
HB16,HB_HB16.1,3,2B5,30,5526,153
KB19,KB_KB19.5,3,2C1,31,6030,154
ME2,ME_ME2.5,3,2C2,32,5582,155
FG24,FG_FG24.5,3,2C3,33,6004,156
M13,UDP_M13.7,3,2C4,34,5642,157
M4,UDP_M4.3,3,2C5,35,5651,158
M13,UDP_M13.4,3,2D1,36,6035,159
HB41,HB_HB41.13,3,2D2,37,5532,160
HB47,HB_HB47.7,3,2D3,38,5539,161
MEP2,ME_MEP2.1,3,2D4,39,5606,162
M13,UDP_M13.5,3,3A2,42,5640,163
UD13,UDP_UD13.3,3,3A3,43,5663,164
ME17,ME_ME17.28,3,3A4,44,5573,165
UD13,UDP_UD13.8,3,3A5,45,5667,166
VR16,VR_VR16.1,3,3B1,46,5723,167
UD5,UDP_UD5.1,3,3B2,47,5693,168
HB41,HB_HB41.1,3,3B3,48,5533,169
M26,MID_M26.1,3,3B4,49,6067,170
HB41,HB_HB41.7,3,3B5,50,5536,171
M5,UDP_M5.4,3,3C1,51,5654,172
HB32,HB_HB32.5,3,3C2,52,6044,173
ORW14,ORW_ORW14.3,3,3C3,53,5614,174
UP38,UDP_UP38.3,3,3C4,54,6019,175
K13,KB_K13.10,3,3C5,55,5552,176
FG12,WOR_FG12.1,3,3D1,56,5736,177
SW13,SB_SW13.2,3,3D2,57,5630,178
UD4,UDP_UD4.2,3,3D3,58,5689,179
UD20,UDP_UD20.3,3,3D4,59,5682,180
ME6,ME_ME6.1,3,4A2,62,5584,181
ME6,ME_ME6.25,3,4A3,63,5591,182
VR23,VR_VR23.19,3,4A4,64,5725,183
K100,KB_K100.1,3,4A5,65,5547,184
M13,UDP_M13.11,3,4B1,66,6052,185
EZ11,EZE_EZ11.6,3,4B2,67,5503,186
K13,KB_K13.4,3,4B3,68,5549,187
M1U,UDP_M1U.8,3,4B4,69,5647,188
HB28,HB_HB28.1,3,4B5,70,6006,189
ME8,ME_ME8.4,3,4C1,71,5598,190
ME6,ME_ME6.9,3,4C2,72,5590,191
ME17,ME_ME17.35,3,4C3,73,5579,192
UP39,UDP_UP39.2,3,4C4,74,5704,193
UP39,UDP_UP39.10,3,4C5,75,5708,194
EZ8,EZE_EZ8.1,3,4D1,76,6040,195
ME8,ME_ME8.10,3,4D2,77,6051,196
FG2,WOR_FG2.7,3,4D3,78,7518,197
UD4,UDP_UD4.9,3,4D4,79,7515,198
FG24,FG_FG24.1,3,5A2,82,6002,199
ME17,ME_ME17.8,3,5A3,83,5570,200
VR32,VR_VR32.4,3,5A4,84,5735,201
P4,PK_P4.1,3,5A5,85,5619,202
ORW12,ORW_ORW12.2,3,5B1,86,5613,203
K15,KB_K15.10,3,5B2,87,5557,204
HB19,HB_HB19.4,3,5B3,88,5529,205
M1U,UDP_M1U.6,3,5B4,89,5646,206
K19,KB_K19.2,3,5B5,90,5559,207
ME9,ME_ME9.6,3,5C1,91,6056,208
ME17,ME_ME17.13,3,5C2,92,5577,209
ME8,ME_ME8.9,3,5C3,93,5603,210
NR12,NR_NR12.1,3,5C4,94,6135,211
M8,UDP_M8.4,3,5C5,95,5657,212
SB6,SB_SB6.2,3,5D1,96,5626,213
SEWUSE3,SEW_SEWUSE3.5,3,5D2,97,5636,214
ME8,ME_ME8.25,3,5D3,98,5602,215
SB8,SB_SB8.1,3,5D4,99,5627,216
AU28,AU_AU28.2,3,6A2,102,6029,217
UD20,UDP_UD20.10,3,6A3,103,5688,218
ME17,ME_ME17.32,3,6A4,104,5575,219
UP45,UDP_UP45.1,3,6A5,105,5709,220
M5,UDP_M5.6,3,6B1,106,5655,221
D,PK_D.1,3,6B2,107,5615,222
UD20,UDP_UD20.7,3,6B3,108,5684,223
SEW6,SEW_SEW6.5,3,6B4,109,5633,224
P20,PK_P20.4,3,6B5,110,5618,225
K19,KB_K19.10,3,6C1,111,5563,226
ME8,ME_ME8.7,3,6C2,112,5601,227
UD13,UDP_UD13.20,3,6C3,113,5668,228
VR10,VR_VR10.4,3,6C4,114,5720,229
HB11,HB_HB11.14,3,6C5,115,5516,230
M8,UDP_M8.8,3,6D1,116,6063,231
EZ8,EZE_EZ8.4,3,6D2,117,6099,232
HB28,HB_HB28.3,3,6D3,118,6007,233
K8,KB_K8.2,3,6D4,119,6059,234
HB47,HB_HB47.10,3,7A2,122,5540,235
HB41,HB_HB41.9,3,7A3,123,5537,236
HB17,HB_HB17.4,3,7A4,124,6046,237
ME17,ME_ME17.1,3,7A5,125,5566,238
FG27,FG_FG27.1,3,7B1,126,6001,239
HB49,HB_HB49.7,3,7B2,127,6028,240
HB14,HB_HB14.2,3,7B3,128,5524,241
M4,UDP_M4.1,3,7B4,129,5650,242
EZ10,EZE_EZ10.1,3,7B5,130,6047,243
EZ9,EZE_EZ9.2,3,7C1,131,5513,244
EZ2,EZE_EZ2.1,3,7C2,132,5504,245
VR31,VR_VR31.5,3,7C3,133,5733,246
LG9,PKHLEI_LG9.2,3,7C4,134,6065,247
NR11,NR_NR11.1,3,7C5,135,6032,248
UP38,UDP_UP38.9,3,7D1,136,6022,249
UD4,UDP_UD4.6,3,7D2,137,5691,250
UP45,UDP_UP45.7,3,7D3,138,5712,251
UP38,UDP_UP38.5,3,7D4,139,6020,252
UD13,UDP_UD13.5,3,8A2,142,5664,253
ME6,ME_ME6.5,3,8A3,143,5588,254
FG20,WOR_FG20.2,3,8A4,144,5741,255
ME9,ME_ME9.4,3,8A5,145,5605,256
UP45,UDP_UP45.10,3,8B1,146,5715,257
UD13,UDP_UD13.26,3,8B2,147,5672,258
HB46,HB_HB46.5,3,8B3,148,6010,259
K15,KB_K15.2,3,8B4,149,5553,260
ME2,ME_ME2.3,3,8B5,150,5581,261
HB46,HB_HB46.3,3,8C1,151,6009,262
VR27,VR_VR27.7,3,8C2,152,5728,263
HB41,HB_HB41.11,3,8C3,153,5538,264
FG24,FG_FG24.7,3,8C4,154,6005,265
K13,KB_K13.2,3,8C5,155,5548,266
HB11,HB_HB11.12,3,8D1,156,5515,267
UD13,UDP_UD13.9,3,8D2,157,5670,268
ME17,ME_ME17.30,3,8D3,158,5574,269
NR12,NR_NR12.3,3,8D4,159,6064,270
EZ16,EZE_EZ16.2,3,9A2,162,6049,271
VR27,VR_VR27.3,3,9A3,163,5726,272
NR7,NR_NR7.1,3,9A4,164,6048,273
MEP2,ME_MEP2.3,3,9A5,165,5607,274
HB11,HB_HB11.2,3,9B1,166,5518,275
UD13,UDP_UD13.11,3,9B2,167,5671,276
UD10,UDP_UD10.5,3,9B3,168,5660,277
P20,PK_P20.2,3,9B4,169,5617,278
EZ8,EZE_EZ8.3,3,9B5,170,6041,279
HB49,HB_HB49.5,3,9C1,171,5544,280
EZ1,EZE_EZ1.3,3,9C2,172,6012,281
ME17,ME_ME17.11,3,9C3,173,5576,282
HB49,HB_HB49.3,3,9C4,174,5543,283
M13,UDP_M13.25,3,9C5,175,6038,284
M4,UDP_M4.5,3,9D1,176,5652,285
VR27,VR_VR27.9,3,9D2,177,5729,286
HB32,HB_HB32.3,3,9D3,178,6043,287
EZ20,EZE_EZ20.1,3,9D4,179,5506,288
VR10,VR_VR10.1,5,1A2,2,5965,289
ME17,ME_ME17.31,5,1A3,3,5819,290
HB47,HB_HB47.6,5,1A4,4,5783,291
M13,UDP_M13.2,5,1A5,5,5883,292
UD13,UDP_UD13.7,5,1B1,6,5911,293
HB32,HB_HB32.1,5,1B2,7,6100,294
EZ8,EZE_EZ8.2,5,1B3,8,6098,295
M4,UDP_M4.4,5,1B4,9,5896,296
UD14,UDP_UD14.1,5,1B5,10,5918,297
HB28,HB_HB28.2,5,1C1,11,6077,298
K13,KB_K13.11,5,1C2,12,5797,299
UP39,UDP_UP39.5,5,1C3,13,5950,300
M8,UDP_M8.10,5,1C4,14,6134,301
HB47,HB_HB47.1,5,1C5,15,5785,302
FG27,FG_FG27.3,5,1D1,16,6073,303
UD13,UDP_UD13.4,5,1D2,17,5908,304
HB19,HB_HB19.5,5,1D3,18,5774,305
EZ9,EZE_EZ9.1,5,1D4,19,5757,306
HB32,HB_HB32.4,5,2A2,22,6101,307
HB41,HB_HB41.4,5,2A3,23,5779,308
NR6,NR_NR6.2,5,2A4,24,6089,309
ME17,ME_ME17.15,5,2A5,25,5824,310
M13,UDP_M13.1,5,2B1,26,5889,311
1607,MID_1607.1,5,2B2,27,6114,312
M13,UDP_M13.4,5,2B3,28,5884,313
EZ4,EZE_EZ4.2,5,2B4,29,5753,314
ME2,ME_ME2.4,5,2B5,30,5826,315
M8,UDP_M8.3,5,2C1,31,5901,316
UD10,UDP_UD10.8,5,2C2,32,5906,317
fg2,WOR_fg2.1,5,2C3,33,5982,318
VR32,VR_VR32.1,5,2C4,34,5980,319
EZ16,EZE_EZ16.3,5,2C5,35,6112,320
ORW1,ORW_ORW1.2,5,2D1,36,5856,321
ME6,ME_ME6.26,5,2D2,37,5836,322
ME6,ME_ME6.21,5,2D3,38,5830,323
PK20,PK_PK20.3,5,2D4,39,6137,324
UP38,UDP_UP38.10,5,3A2,42,5948,325
UD4,UDP_UD4.1,5,3A3,43,5937,326
UP45,UDP_UP45.26,5,3A4,44,6124,327
VR27,VR_VR27.10,5,3A5,45,5974,328
ME8,ME_ME8.3,5,3B1,46,5842,329
HB46,HB_HB46.4,5,3B2,47,6081,330
ME6,ME_ME6.8,5,3B3,48,5834,331
HB49,HB_HB49.4,5,3B4,49,5788,332
VR27,VR_VR27.8,5,3B5,50,5973,333
SB7,SB_SB7.1,5,3C1,51,5871,334
M8,UDP_M8.9,5,3C2,52,6130,335
PK2,PK_PK2.1,5,3C3,53,6118,336
FG30,WOR_FG30.1,5,3C4,54,5989,337
SEW6,SEW_SEW6.2,5,3C5,55,5876,338
UP38,UDP_UP38.18,5,3D1,56,5942,339
HB28,HB_HB28.5,5,3D2,57,6079,340
K7,KB_K7.1,5,3D3,58,5809,341
ME17,ME_ME17.34,5,3D4,59,5823,342
ME6,ME_ME6.23,5,4A2,62,5831,343
SB10,SB_SB10.1,5,4A3,63,5867,344
UD20,UDP_UD20.4,5,4A4,64,5927,345
EZ2,EZE_EZ2.4,5,4A5,65,5750,346
K19,KB_K19.7,5,4B1,66,5806,347
M13,UDP_M13.6,5,4B2,67,5886,348
P20,PK_P20.1,5,4B3,68,5863,349
UD10,UDP_UD10.6,5,4B4,69,5905,350
K13,KB_K13.7,5,4B5,70,5795,351
EZ7,EZE_EZ7.3,5,4C1,71,6071,352
HB11,HB_HB11.13,5,4C2,72,5760,353
FG24,FG_FG24.10,5,4C3,73,6127,354
UP39,UDP_UP39.9,5,4C4,74,5952,355
HB16,HB_HB16.6,5,4C5,75,5773,356
M1U,UDP_M1U.7,5,4D1,76,5891,357
UD14,UDP_UD14.3,5,4D2,77,5919,358
MID,MID_MB14.1,5,4D3,78,6138,359
UP39,UDP_UP39.1,5,4D4,79,5953,360
M4,UDP_M4.2,5,5A2,82,5895,361
D,PK_D.4,5,5A3,83,5861,362
UD5,UDP_UD5.3,5,5A4,84,6116,363
SB9,SB_SB9.1,5,5A5,85,5873,364
ORW12,ORW_ORW12.1,5,5B1,86,5857,365
M8,UDP_M8.1,5,5B2,87,5900,366
ME9,ME_ME9.3,5,5B3,88,5849,367
K3,KB_K3.2,5,5B4,89,5808,368
M13,UDP_M13.10,5,5B5,90,5888,369
ME6,ME_ME6.13,5,5C1,91,6132,370
EZ5,EZE_EZ5.4,5,5C2,92,6087,371
M1U,UDP_M1U.1,5,5C3,93,5893,372
VR27,VR_VR27.2,5,5C4,94,5975,373
SW13,SB_SW13.1,5,5C5,95,5874,374
ME6,ME_ME6.30,5,5D1,96,5838,375
fg2,WOR_fg2.4,5,5D2,97,5983,376
M13,UDP_M13.2,5,5D3,98,6095,377
MEP2,ME_MEP2.6,5,5D4,99,5853,378
M5,UDP_M5.1,5,6A2,102,5897,379
M22,MID_M22.1,5,6A3,103,6115,380
FG20,WOR_FG20.6,5,6A4,104,5984,381
HB19,HB_HB19.2,5,6A5,105,5775,382
EZ10,EZE_EZ10.2,5,6B1,106,6106,383
UP45,UDP_UP45.20,5,6B2,107,5958,384
EZ6,EZE_EZ6.3,5,6B3,108,5756,385
UD4,UDP_UD4.5,5,6B4,109,5935,386
ME17,ME_ME17.12,5,6B5,110,5821,387
HB11,HB_HB11.3,5,6C1,111,5763,388
UD4,UDP_UD4.7,5,6C2,112,5936,389
ME9,ME_ME9.1,5,6C3,113,5848,390
UD20,UDP_UD20.11,5,6C4,114,5933,391
EZ4,EZE_EZ4.4,5,6C5,115,5754,392
UP38,UDP_UP38.4,5,6D1,116,5940,393
FG20,WOR_FG20.3,5,6D2,117,5986,394
K19,KB_K19.5,5,6D3,118,5805,395
VR27,VR_VR27.4,5,6D4,119,5971,396
NR12,NR_NR12.2,5,7A2,122,6110,397
UP45,UDP_UP45.22,5,7A3,123,5959,398
ME8,ME_ME8.2,5,7A4,124,6069,399
MB14,MID_MB14.2,5,7A5,125,5862,400
NR6,NR_NR6.2.1,5,7B1,126,6139,401
EZ1,EZE_EZ1.2,5,7B2,127,6083,402
ME6,ME_ME6.4,5,7B3,128,5832,403
EZ19,EZE_EZ19.1,5,7B4,129,6140,404
UP39,UDP_UP39.7,5,7B5,130,5951,405
VR13,VR_VR13.6,5,7C1,131,6090,406
M13,UDP_M13.9,5,7C2,132,5887,407
SB16,SB_SB16.2,5,7C3,133,5869,408
EZ8,EZ_EZ8.4,5,7C4,134,6141,409
UD10,UDP_UD10.2,5,7C5,135,5903,410
UP38,UDP_UP38.6,5,7D1,136,5946,411
K15,KB_K15.3,5,7D2,137,5798,412
SB6,SB_SB6.1,5,7D3,138,5870,413
ME17,ME_ME17.10,5,7D4,139,5820,414
D,PK_D.2,5,8A2,142,5860,415
EZ1,EZE_EZ1.6,5,8A3,143,6085,416
K100,KB_K100.3,5,8A4,144,5791,417
HB41,HB_HB41.8,5,8A5,145,5781,418
FG20,WOR_FG20.1,5,8B1,146,5985,419
ME8,ME_ME8.21,5,8B2,147,5841,420
MEP2,ME_MEP2.8,5,8B3,148,5854,421
EZ11,EZE_EZ11.3,5,8B4,149,5747,422
ME6,ME_ME6.11,5,8B5,150,5839,423
EZ11,EZE_EZ11.1,5,8C1,151,5746,424
K15,KB_K15.7,5,8C2,152,5800,425
UD13,UDP_UD13.19,5,8C3,153,5912,426
HB47,HB_HB47.3,5,8C4,154,5786,427
K13,KB_K13.1,5,8C5,155,5792,428
UP45,UDP_UP45.4,5,8D1,156,5955,429
HB19,HB_HB19.6,5,8D2,157,6122,430
ME17,ME_ME17.25,5,8D3,158,5816,431
UD20,UDP_UD20.2,5,8D4,159,5924,432
VR27,VR_VR27.11,5,9A2,162,6133,433
ME2,ME_ME2.6,5,9A3,163,5827,434
ME6,ME_ME6.32,5,9A4,164,5840,435
UP38,UDP_UP38.22,5,9A5,165,5944,436
SEWUSE3,SEW_SEWUSE3.4,5,9B1,166,5880,437
K13,KB_K13.9,5,9B2,167,5796,438
EZ1,EZE_EZ1.4,5,9B3,168,6084,439
FG24,WOR_FG24.9,5,9B4,169,5988,440
VR19,VR_VR19.1,5,9B5,170,5968,441
UD14,UDP_UD14.5,5,9C1,171,5922,442
UD13,UDP_UD13.21,5,9C2,172,5913,443
HB11,HB_HB11.1,5,9C3,173,5762,444
ME8,ME_ME8.23,5,9C4,174,5844,445
ME8,ME_ME8.26,5,9C5,175,5847,446
VR27,VR_VR27.6,5,9D1,176,5972,447
PK2,PK_PK2.3,5,9D2,177,6119,448
ME2,ME_ME2.8,5,9D3,178,5828,449
ME17,ME_ME17.27,5,9D4,179,5817,450
VR32,VR_VR32.2,5,10A2,182,5979,451
ME6,ME_ME6.10,5,10A3,183,5835,452
SB8,SB_SB8.2,5,10A4,184,5872,453
UD13,UDP_UD13.17,5,10A5,185,5910,454
UD4,UDP_UD4.12,5,10B1,186,6120,455
LG9,PKHLEI_LG9.1,5,10B2,187,6092,456
NR11,NR_NR11.2,5,10B3,188,6094,457
K19,KB_K19.1,5,10B4,189,5803,458
ME17,ME_ME17.29,5,10B5,190,5818,459
VR16,VR_VR16.2,5,10C1,191,5967,460
NR12,NR_NR12.4,5,10C2,192,6125,461
FG1,WOR_FG1.3,5,10C3,193,7509,462
HB32,HB_HB32.6,5,10C4,194,6102,463
SEW6,SEW_SEW6.4,5,10C5,195,5877,464
FG24,FG_FG24.6,5,10D1,196,6076,465
K13,KB_K13.3,5,10D2,197,5793,466
ORW8,PK_ORW8.1,5,10D3,198,6142,467
ME6,ME_ME6.6,5,10D4,199,5833,468
SEWUSE3,SEW_SEWUSE3.2,5,11A2,202,5879,469
MEP2,ME_MEP2.2,5,11A3,203,5851,470
HB16,HB_HB16.2,5,11A4,204,5771,471
K8,KB_K8.1,5,11A5,205,5810,472
ME17,ME_ME17.23,5,11B1,206,5812,473
ME6,ME_ME6.2,5,11B2,207,5829,474
UD5,UDP_UD5.2,5,11B3,208,5938,475
UP38,UDP_UP38.24,5,11B4,209,5945,476
HB17,HB_HB17.1,5,11B5,210,6103,477
HB11,HB_HB11.15,5,11C1,211,5761,478
EZ2,EZE_EZ2.2,5,11C2,212,5749,479
VR10,VR_VR10.3,5,11C3,213,5964,480
UD10,UDP_UD10.4,5,11C4,214,5904,481
HB11,HB_HB11.7,5,11C5,215,5765,482
AU28,AU_AU28.1,5,11D1,216,6093,483
UP38,UDP_UP38.8,5,11D2,217,5947,484
ME8,ME_ME8.11,5,11D3,218,6117,485
fg2,WOR_fg2.6,5,11D4,219,5981,486
UD4,UDP_UD4.13,5,12A2,222,6121,487
HB41,HB_HB41.6,5,12A3,223,5780,488
UP38,UDP_UP38.20,5,12A4,224,5943,489
UD14,UDP_UD14.6,5,12A5,225,5923,490
M13,UDP_M13.7,5,12B1,226,6097,491
UP38,UDP_UP38.16,5,12B2,227,5941,492
HB47,HB_HB47.8,5,12B3,228,5784,493
ME17,ME_ME17.9,5,12B4,229,5815,494
UD13,UDP_UD13.2,5,12B5,230,5907,495
LG15,PKHLEI_LG15.2,5,12C1,231,5865,496
ORW14,ORW_ORW14.2,5,12C2,232,5858,497
HB17,HB_HB17.5,5,12C3,233,6105,498
MB9,MID_MB9.1,5,12C4,234,6113,499
M1U,UDP_M1U.5,5,12C5,235,5890,500
VR35,VR_VR35.1,5,12D1,236,6109,501
VR23,VR_VR23.18,5,12D2,237,5969,502
HB49,HB_HB49.6,5,12D3,238,5789,503
ME8,ME_ME8.6,5,12D4,239,5845,504
HB41,HB_HB41.12,5,13A2,242,5776,505
ME6,ME_ME6.28,5,13A3,243,5837,506
ME17,ME_ME17.2,5,13A4,244,5811,507
UP39,UDP_UP39.3,5,13A5,245,5949,508
UP45,UDP_UP45.11,5,13B1,246,5960,509
EZ5,EZE_EZ5.6,5,13B2,247,6143,510
ME2,ME_ME2.2,5,13B3,248,5825,511
UD20,UDP_UD20.6,5,13B4,249,5928,512
UD20,UDP_UD20.8,5,13B5,250,5929,513
UD20,UDP_UD20.9,5,13C1,251,5932,514
EZ4,EZE_EZ4.6,5,13C2,252,5752,515
EZ11,EZE_EZ11.7,5,13C3,253,5748,516
HB41,HB_HB41.2,5,13C4,254,5778,517
HB16,HB_HB16.4,5,13C5,255,5772,518
M8,UDP_M8.5,5,13D1,256,5902,519
ME17,ME_ME17.7,5,13D2,257,5814,520
MB12,MID_MB12.1,5,13D3,258,5855,521
K19,KB_K19.3,5,13D4,259,5804,522
VR31,VR_VR31.1,5,14A2,262,5978,523
VR3,VR_VR3.2,5,14A3,263,5976,524
UD13,UDP_UD13.10,5,14A4,264,5915,525
K13,KB_K13.5,5,14A5,265,5794,526
HB14,HB_HB14.1,5,14B1,266,5768,527
HB11,HB_HB11.5,5,14B2,267,5764,528
UD13,UDP_UD13.23,5,14B3,268,5914,529
SW4,SB_SW4.1,5,14B4,269,5875,530
UP45,UDP_UP45.6,5,14B5,270,5956,531
VR31,VR_VR31.4,5,14C1,271,5977,532
UP45,UDP_UP45.13,5,14C2,272,5962,533
K15,KB_K15.11,5,14C3,273,5802,534
M13,UDP_M13.5,5,14C4,274,6096,535
EZ20,EZE_EZ20.2,5,14C5,275,5751,536
M1U,UDP_M1U.9,5,14D1,276,5892,537
HB11,HB_HB11.9,5,14D2,277,5766,538
D,PK_D.5,5,14D3,278,6129,539
HB46,HB_HB46.2,5,14D4,279,6080,540
EZ7,EZE_EZ7.2,5,15A2,282,6070,541
LG15,PKHLEI_LG15.6,5,15A3,283,5864,542
M5,UDP_M5.5,5,15A4,284,5899,543
M1U,UDP_M1U.3,5,15A5,285,5894,544
SEW6,SEW_SEW6.8,5,15B1,286,7034,545
ME17,ME_ME17.14,5,15B2,287,5822,546
ME8,ME_ME8.8,5,15B3,288,5846,547
MEP2,ME_MEP2.4,5,15B4,289,5852,548
UP45,UDP_UP45.15,5,15B5,290,5963,549
FG24,FG_FG24.4,5,15C1,291,6075,550
UD4,UDP_UD4.3,5,15C2,292,5934,551
FG27,FG_FG27.2,5,15C3,293,6072,552
SB10,SB_SB10.3,5,15C4,294,5868,553
UP45,UDP_UP45.24,5,15C5,295,5961,554
HB28,HB_HB28.4,5,15D1,296,6078,555
FG21,WOR_FG21.1,5,15D2,297,5987,556
K15,KB_K15.9,5,15D3,298,5801,557
HB49,HB_HB49.1,5,15D4,299,5790,558
K19,KB_K19.9,5,16A2,302,5807,559
HB11,HB_HB11.11,5,16A3,303,5759,560
UD13,UDP_UD13.12,5,16A4,304,6126,561
HB46,HB_HB46.6,5,16A5,305,6082,562
ME8,ME_ME8.5,5,16B1,306,5843,563
HB41,HB_HB41.14,5,16B2,307,7044,564
HB47,HB_HB47.5,5,16B3,308,5787,565
EZ9,EZE_EZ9.3,5,16B4,309,5758,566
UP38,UDP_UP38.2,5,16B5,310,5939,567
ME9,ME_ME9.5,5,16C1,311,5850,568
K15,KB_K15.5,5,16C2,312,5799,569
MEP2,ME_MEP2.9,5,16C3,313,6123,570
PH13,PK_PH13.1,5,16C4,314,6131,571
UD13,UDP_UD13.6,5,16C5,315,5909,572
HB14,HB_HB14.3,5,16D1,316,5769,573
ME17,ME_ME17.5,5,16D2,317,5813,574
UD4.9,UDP_UD4.9,5,16D3,318,6107,575
M5,UDP_M5.3,5,16D4,319,5898,576
pel-1.1,P1.1_1,3,16A3,303,3120,1
pel-1.1,P1.1_2,2,5D1,96,3121,2
pel-1.1,P1.1_3,3,15B1,286,3122,3
pel-1.1,P1.1_4,2,1B5,10,3123,4
pel-1.2,P1.2_1,3,6C4,114,3124,5
pel-1.2,P1.2_2,2,2C4,34,3125,6
pel-1.2,P1.2_3,3,8B4,149,3126,7
pel-1.6,P1.6_1,2,5D3,98,3127,8
pel-1.6,P1.6_2,3,13C2,252,3128,9
pel-1.6,P1.6_3,2,11A3,203,3129,10
pel-1.6,P1.6_4,3,2A3,23,3130,11
pel-2.3_1,P2.3_1,2,15B3,288,3131,13
pel-2.3_1,P2.3_2,3,7A5,125,3132,14
pel-2.3_1,P2.3_3,2,7A4,124,3133,15
pel-2.3_1,P2.3_4,3,15C3,293,3134,16
pel-1.4,P1.4_1,2,9D4,179,3135,18
pel-1.3,P1.3_1,3,10C1,191,3136,19
pel-1.3,P1.3_2,2,16B1,306,3137,20
pel-1.3,P1.3_3,3,10C2,192,3138,21
pel-1.3,P1.3_4,2,2A5,25,3139,22
pel-5.01,P5.01_1,3,4C4,74,3140,24
pel-5.01,P5.01_2,2,10C1,191,3141,25
pel-5.01,P5.01_3,3,3142,26,,
pel-5.01,P5.01_4,2,10B4,189,3143,27
pel-5.13,P5.13_1,3,11D2,217,3144,30
pel-5.13,P5.13_2,2,3B3,48,3145,31
pel-5.13,P5.13_3,3,2D3,38,3146,32
pel-5.13,P5.13_4,2,12B2,227,3147,33
pel-5.13,P5.13_5,3,16D1,316,3148,34
pel-5.13,P5.13_6,2,9C5,175,3149,35
pel-14.23,P14.23_1,3,14C4,274,3150,39
pel-45.08,P45.08_1,2,13A2,242,3151,40
pel-45.08,P45.08_2,3,4A2,62,3152,41
pel-45.22,P45.22_1,2,8D2,157,3153,43
pel-45.22,P45.22_2,3,8B3,148,3154,44
pel-45.22,P45.22_3,2,10C4,194,3155,45
pel-45.22,P45.22_4,3,13B4,249,3156,46
pel-2.6,P2.6_1,2,16B4,309,3157,50
pel-2.6,P2.6_2,3,2B5,30,3158,51
pel-2.6,P2.6_3,2,8B5,150,3159,52
pel-2.6,P2.6_4,3,10A4,184,3160,53
pel-56.07,P56.07_1,2,15A4,284,3161,55
pel-2.2,P2.2_1,3,12B1,226,3162,56
pel-2.2,P2.2_2,2,10B3,188,3163,57
pel-45.06,P45.06_1,3,2B4,29,3164,58
pel-45.06,P45.06_2,2,9C4,174,3165,59
pel-45.06,P45.06_3,3,6D1,116,3166,60
pel-88.06,P88.06_1,2,14C3,273,3167,61
pel-56.07,P56.07_2,3,3A3,43,3168,71
pel-2.2,P2.2_3,2,6D1,116,3169,72
pel-88.06,P88.06_2,3,12B5,230,3170,73
pel-88.06,P88.06_3,2,14C5,275,3171,74
pel-88.06,P88.06_4,3,6A4,104,3172,75
pel-56.14,P56.14_1,2,2A2,22,3173,81
pel-56.14,P56.14_2,3,2A4,24,3174,82
pel-56.14,P56.14_3,2,11D4,219,3175,83
pel-56.14,P56.14_4,3,15B4,289,3176,84
pel-56.07,P56.07_3,2,15B1,286,3177,91
pel-56.07,P56.07_4,3,3C1,51,3178,92
pel-88.06,P88.06_5,2,11B3,208,3179,95
pel-2.2,P2.2_4,3,12A2,222,3180,96
pel-1.4,P1.4_3,2,13D2,257,3181,106
pel-14.23,P14.23_2,3,4C3,73,3182,107
pel-14.23,P14.23_3,2,14A2,262,3183,108
pel-14.23,P14.23_4,3,6B1,106,3184,109
pel-88.08,P88.08_1,2,1A4,4,3185,111
pel-88.08,P88.08_2,3,6B5,110,3186,112
pel-88.08,P88.08_3,2,4B1,66,3187,113
pel-88.08,P88.08_4,3,13A2,242,3188,114
pel-56.06,P56.06_1,2,14C2,272,3189,117
pel-56.06,P56.06_2,3,7D2,137,3190,118
pel-45.13,P45.13_1,2,6B2,107,3191,119
pel-56.11,P56.11_1,3,13B3,248,3192,121
pel-56.11,P56.11_2,2,7B4,129,3193,122
pel-56.11,P56.11_3,3,11B4,209,3194,123
pel-5.12,P5.12_2,2,3B4,49,3195,125
pel-5.12,P5.12_3,3,10A5,185,3196,126
pel-5.12,P5.12_4,2,9C1,171,3197,127
pel-5.12,P5.12_5,3,15A4,284,3198,128
pel-24.17,P24.17_1,2,9D2,177,3199,130
pel-24.17,P24.17_2,3,15B5,290,3200,131
pel-24.17,P24.17_3,2,13D1,256,3201,132
pel-56.13,P56.13_1,3,8C1,151,3202,133
pel-56.13,P56.13_2,2,13C3,253,3203,134
pel-56.13,P56.13_3,3,10D2,197,3204,135
pel-56.13,P56.13_4,2,8B4,149,3205,136
pel-66.01,P66.01_1,3,6D2,117,3206,137
pel-66.01,P66.01_2,2,6B5,110,3207,138
pel-24.31,P24.31_1,3,3208,139,,
pel-24.31,P24.31_2,2,6A5,105,3209,140
pel-51.14,P51.14_1,3,7C3,133,3210,141
pel-51.14,P51.14_2,2,7C1,131,3211,142
pel-51.14,P51.14_3,3,14A5,265,3212,143
pel-24.27,P24.27_1,2,4C5,75,3213,144
pel-50.14,P50.14_1,3,3214,145,,
pel-55.02,P55.02_1,2,3215,147,,
pel-beach1,Pbeach1_1,3,6B2,107,3216,149
pel-beach1,Pbeach1_2,2,11C5,215,3217,150
pel-beach1,Pbeach1_3,3,6D3,118,3218,151
pel-beach1,Pbeach1_4,2,10C2,192,3219,152
pel-beach1,Pbeach1_5,3,1C5,15,3220,153
pel-beach1,Pbeach1_6,2,15C3,293,3221,154
pel-beach1,Pbeach1_7,3,15B2,287,3222,155
pel-beach1,Pbeach1_8,2,12D3,238,3223,156
pel-beach2,Pbeach2_1,3,14D2,277,3224,157
pel-beach2,Pbeach2_2,2,3225,158,,
pel-beach2,Pbeach2_3,3,1A2,2,3226,159
pel-beach2,Pbeach2_4,2,6A4,104,3227,160
pel-beach2,Pbeach2_5,3,12C5,235,3228,161
pel-beach2,Pbeach2_6,2,8D3,158,3229,162
pel-beach2,Pbeach2_7,3,6B3,108,3230,163
pel-beach2,Pbeach2_8,2,5B3,88,3231,164
pel-tongaense,Ptongaense_1,3,1D3,18,3232,165
pel-tongaense,Ptongaense_2,2,13D4,259,3233,166
pel-tongaense,Ptongaense_3,3,9C4,174,3234,167
pel-tongaense,Ptongaense_4,2,14D1,276,3235,168
pel-tongaense,Ptongaense_5,3,16C5,315,3236,169
pel-tongaense,Ptongaense_6,2,14B3,268,3237,170
pel-tongaense,Ptongaense_7,3,8A2,142,3238,171
pel-14.4_3,P14.4C_1,2,15B4,289,3239,172
pel-14.4_3,P14.4C_2,3,11C2,212,3240,173
pel-14.4_3,P14.4C_3,2,11A2,202,3241,174
pel-14.4_3,P14.4C_4,3,14B5,270,3242,175
pel-14.4_3,P14.4C_5,2,12A2,222,3243,176
pel-14.4_3,P14.4C_6,3,9C2,172,3244,177
pel-9.4_3,P9.4C_1,2,14B5,270,3245,178
pel-9.4_3,P9.4C_2,3,1C1,11,3246,179
pel-9.4_3,P9.4C_3,2,4B4,69,3247,180
pel-9.4_3,P9.4C_4,3,1A5,5,3248,181
pel-20.5_3,P20.5C_1,2,9A3,163,3249,182
pel-20.5_3,P20.5C_2,3,3D3,58,3250,183
pel-20.5_3,P20.5C_3,2,16C3,313,3251,184
pel-20.5_3,P20.5C_4,3,13D4,259,3252,185
pel-50_51.10_3,P50_51C_1,2,6D2,117,3253,186
pel-50_51.10_3,P50_51C_2,3,5D1,96,3254,187
pel-50_51.10_3,P50_51C_3,2,2D1,36,3255,188
pel-50_51.10_3,P50_51C_4,3,4C1,71,3256,189
pel-20.7,P20.7_1,2,1C5,15,3257,190
pel-20.7,P20.7_2,3,9D3,178,3258,191
pel-20.7,P20.7_3,2,2B5,30,3259,192
pel-20.7,P20.7_4,3,11D4,219,3260,193
pel-14.5,P14.5_1,2,8B1,146,3261,194
pel-14.5,P14.5_2,3,11C1,211,3262,195
pel-14.5,P14.5_3,2,13C5,255,3263,196
pel-14.5,P14.5_4,3,7B2,127,3264,197
pel-14.7_1,P14.7_1,2,8D1,156,3265,198
pel-14.7_1,P14.7_2,3,2A5,25,3266,199
pel-14.7_1,P14.7_3,2,3D3,58,3267,200
pel-24.31,P24.31_1,3,13C5,255,3268,201
pel-24.31,P24.31_2,2,1A5,5,3269,202
pel-56.09,P56.09_1,3,1D2,17,3270,203
pel-56.09,P56.09_2,2,11A5,205,3271,204
pel-56.09,P56.09_3,3,12C3,233,3272,205
pel-56.09,P56.09_4,2,9A2,162,3273,206
pel-14.1,P14.1_1,3,8D4,159,3274,207
pel-14.1,P14.1_2,2,5A4,84,3275,208
pel-14.1,P14.1_3,3,9B3,168,3276,209
pel-14.1,P14.1_4,2,15C4,294,3277,210
pel-14.1,P14.1_5,3,1C4,14,3278,211
pel-14.1,P14.1_6,2,11D1,216,3279,212
pel-3.1,P3.1_1,3,4D3,78,3280,213
pel-3.1,P3.1_2,2,11D2,217,3281,214
pel-14.6,P14.6_1,3,12D4,239,3282,215
pel-14.6,P14.6_2,2,8A4,144,3283,216
pel-14.6,P14.6_3,3,2C1,31,3284,217
pel-14.6,P14.6_4,2,8C1,151,3285,218
pel-14.6,P14.6_5,3,16C1,311,3286,219
pel-9.6,P9.6_1,2,13B5,250,3287,220
pel-9.6,P9.6_2,3,3B2,47,3288,221
pel-9.6,P9.6_3,2,3D2,57,3289,222
K15,PK15_1,3,11C4,214,3290,223
K15,PK15_2,2,1C4,14,3291,224
K15,PK15_3,3,14C1,271,3292,225
pel-14.4,P14.4_1,2,13B4,249,3293,226
pel-14.4,P14.4_2,3,1C3,13,3294,227
pel-55.02,P55.02_1,2,11A4,204,3295,228
pel-55.02,P55.02_2,3,3A5,45,3296,229
pel-55.02,P55.02_3,2,3297,230,,
pel-55.02,P55.02_4,3,11A4,204,3298,231
pel-66.12,P66.12_1,2,8A5,145,3299,232
pel-66.12,P66.12_2,3,6C1,111,3300,233
pel-66.12,P66.12_3,2,13B3,248,3301,234
pel-66.12,P66.12_4,3,3C2,52,3302,235
pel-66.12,P66.12_5,2,12A3,223,3303,236
pel-66.12,P66.12_6,3,15A5,285,3304,237
pel-21.20b,P21.20b_1,2,7B3,128,3305,238
pel-21.20b,P21.20b_2,3,12D3,238,3306,239
pel-21.20b,P21.20b_3,2,11C2,212,3307,240
pel-21.20b,P21.20b_4,3,14A3,263,3308,241
pel-20.3,P20.3_1,2,11B4,209,3309,242
pel-20.3,P20.3_2,3,5A4,84,3310,243
pel-20.3,P20.3_3,2,6D4,119,3311,244
pel-K15,PK15_4,3,9A3,163,3312,245
pel-24.28,P24.28_1,2,9A5,165,3313,246
pel-24.28,P24.28_2,3,10A2,182,3314,247
pel-20.8,P20.8_1,2,7B5,130,3315,248
pel-20.8,P20.8_2,3,9B5,170,3316,249
pel-20.8,P20.8_3,2,10B2,187,3317,250
pel-20.8,P20.8_4,3,13A3,243,3318,251
pel-56.11,P56.11_1,2,11B5,210,3319,252
pel-56.11,P56.11_2,3,11A2,202,3320,253
pel-56.11,P56.11_3,2,2B2,27,3321,254
pel-56.11,P56.11_4,3,5D2,97,3322,255
pel-51.14,P51.14_1,2,15D2,297,3323,256
pel-51.14,P51.14_2,3,13D2,257,3324,257
pel-51.14,P51.14_3,2,1B4,9,3325,258
pel-51.14,P51.14_4,3,9C3,173,3326,259
pel-50.11,P50.11_1,2,10B1,186,3327,260
pel-50.11,P50.11_2,3,16B3,308,3328,261
pel-66.01,P66.01_1,2,3329,262,,
pel-66.01,P66.01_2,3,11A5,205,3330,263
pel-66.01,P66.01_3,2,4A2,62,3331,264
pel-66.01,P66.01_4,3,3D2,57,3332,265
pel-3.4,P3.4_1,2,8C5,155,3333,266
pel-3.4,P3.4_2,3,16B5,310,3334,267
pel-3.4,P3.4_3,2,12C2,232,3335,268
pel-1.1_3,P1.1C_1,3,15D4,299,3336,269
pel-1.1_3,P1.1C_2,2,11B1,206,3337,270
pel-2.5,P2.5_1,3,14D4,279,3338,271
pel-2.5,P2.5_2,2,5A5,85,3339,272
pel-2.5,P2.5_3,3,10B1,186,3340,273
pel-2.5,P2.5_4,2,7C4,134,3341,274
pel-14.10_3,P14.10C_1,3,12D1,236,3342,275
pel-14.10_3,P14.10C_2,2,13C2,252,3343,276
pel-14.10_3,P14.10C_3,3,11B1,206,3344,277
pel-21.7,P21.7_1,2,9B1,166,3345,278
pel-21.7,P21.7_2,3,5B5,90,3346,279
pel-21.7,P21.7_3,2,16D1,316,3347,280
pel-67.03,P67.03_1,3,11A3,203,3348,281
pel-67.03,P67.03_2,2,11C3,213,3349,282
pel-67.03,P67.03_3,3,1B4,9,3350,283
pel-1.5,P1.5_1,2,16C2,312,3351,284
pel-1.5,P1.5_2,3,9B2,167,3352,285
pel-1.5,P1.5_3,2,8D4,159,3353,286
K15,PK15_5,3,10D3,198,3354,287
K15,PK15_6,2,16C1,311,3355,288
SB16,PSB16_2,2,12A5,225,3356,290
SB16,PSB16_3,3,5A5,85,3357,291
SB16,PSB16_4,2,16A3,303,3358,292
SB16,PSB16_5,3,15A3,283,3359,293
SB16,PSB16_6,2,13A4,244,3360,294
SB16,PSB16_7,3,11B3,208,3361,295
SB16,PSB16_8,2,15C1,291,3362,296
SB16,PSB16_9,3,4D2,77,3363,297
SB16,PSB16_10,2,2C5,35,3364,298
SB10,PSB10_1,3,13B2,247,3365,299
SB10,PSB10_2,2,5B4,89,3366,300
SB10,PSB10_3,3,5C2,92,3367,301
SB10,PSB10_4,2,2A3,23,3368,302
SB10,PSB10_5,3,12A3,223,3369,303
K3,PK3_1,2,9B2,167,3370,304
K3,PK3_2,3,12A4,224,3371,305
K3,PK3_3,2,13B2,247,3372,306
K15,PK15_7,3,15B3,288,3373,307
K15,PK15_8,2,6C2,112,3374,308
K15,PK15_9,3,8C4,154,3375,309
K19,PK19_1,2,7D3,138,3376,310
K19,PK19_2,3,9A5,165,3377,311
K19,PK19_3,2,15D3,298,3378,312
K19,PK19_4,3,5B4,89,3379,313
K19,PK19_5,2,16A5,305,3380,314
K19,PK19_6,3,12B3,228,3381,315
K19,PK19_7,2,5B2,87,3382,316
K19,PK19_8,3,15C2,292,3383,317
K19,PK19_9,2,1B3,8,3384,318
K19,PK19_10,3,4B5,70,3385,319
K19,PK19_11,2,12B4,229,3386,320
K19,PK19_12,3,11B2,207,3387,321
K19,PK19_13,2,13A3,243,3388,322
K19,PK19_14,3,13C3,253,3389,323
K19,PK19_15,2,9D1,176,3390,324
K19,PK19_16,3,8A3,143,3391,325
K19,PK19_17,2,1D1,16,3392,326
K19,PK19_18,3,6C3,113,3393,327
K19,PK19_19,2,16B3,308,3394,328
K19,PK19_20,3,12C2,232,3395,329
K19,PK19_21,2,7C2,132,3396,330
K19,PK19_22,3,14D3,278,3397,331
K19,PK19_23,2,14B2,267,3398,332
K19,PK19_24,3,14C3,273,3399,333
K19,PK19_25,2,15D1,296,3400,334
K13,PK13_1,3,9C5,175,3401,335
K13,PK13_2,2,6B1,106,3402,336
K13,PK13_3,3,5C4,94,3403,337
EZ1,PEZ1_1,2,3B2,47,3404,338
EZ1,PEZ1_2,3,13B1,246,3405,339
EZ1,PEZ1_3,2,15A5,285,3406,340
EZ1,PEZ1_4,3,13C1,251,3407,341
EZ1,PEZ1_5,2,8B3,148,3408,342
EZ1,PEZ1_6,3,6D4,119,3409,343
EZ2,PEZ2_1,2,8C4,154,3410,344
EZ2,PEZ2_2,3,15C5,295,3411,345
EZ3,PEZ3_1,2,1A2,2,3412,346
UD4,PUD4_1,3,7B5,130,3413,347
UD4,PUD4_2,2,5A3,83,3414,348
UD4,PUD4_3,3,3A2,42,3415,349
UD4,PUD4_4,2,16C4,314,3416,350
UD4,PUD4_5,3,1D1,16,3417,351
UD4,PUD4_6,2,2C2,32,3418,352
UD4,PUD4_7,3,8D3,158,3419,353
UD7,PUD7_1,2,5B1,86,3420,354
UD7,PUD7_2,3,5B2,87,3421,355
UD7,PUD7_3,2,2D3,38,3422,356
UD7,PUD7_4,3,7C2,132,3423,357
UD7,PUD7_5,2,9A4,164,3424,358
UD7,PUD7_6,3,3C5,55,3425,359
UD7,PUD7_7,2,15C5,295,3426,360
UD7,PUD7_8,3,2C3,33,3427,361
UD7,PUD7_9,2,7D2,137,3428,362
UD7,PUD7_10,3,6C5,115,3429,363
UD11,PUD11_1,2,13A5,245,3430,364
UD11,PUD11_2,3,9A4,164,3431,365
UD11,PUD11_3,2,10B5,190,3432,366
UD11,PUD11_4,3,4B4,69,3433,367
UD11,PUD11_5,2,12B5,230,3434,368
UD11,PUD11_6,3,8C3,153,3435,369
UD11,PUD11_7,2,16A2,302,3436,370
M16U,PM16U_1,3,7D3,138,3437,371
M16U,PM16U_2,2,3C2,52,3438,372
M16U,PM16U_3,3,14B1,266,3439,373
M16U,PM16U_4,2,1C3,13,3440,374
M16U,PM16U_5,3,10B3,188,3441,375
M16U,PM16U_6,2,5C5,95,3442,376
M16U,PM16U_7,3,7C5,135,3443,377
M16U,PM16U_8,2,8C2,152,3444,378
M16U,PM16U_9,3,16B4,309,3445,379
SW11,PSW11_1,2,4A4,64,3446,380
SW11,PSW11_2,3,11C5,215,3447,381
SW11,PSW11_3,2,4C4,74,3448,382
SW11,PSW11_4,3,3449,383,,
SW11,PSW11_5,2,6A2,102,3450,384
M1U,PM1U_1,3,10D1,196,3451,385
M1U,PM1U_2,2,10A2,182,3452,386
M1U,PM1U_3,3,5C3,93,3453,387
M1U,PM1U_4,2,14B4,269,3454,388
M1U,PM1U_5,3,1A4,4,3455,389
M1U,PM1U_6,2,8B2,147,3456,390
M1U,PM1U_7,3,3457,391,,
M1U,PM1U_8,2,3458,392,,
M1U,PM1U_9,3,3459,393,,
ME10,PME10_1,2,2B1,26,3460,394
ME10,PME10_2,3,3C3,53,3461,395
ME10,PME10_3,2,4D3,78,3462,396
ME10,PME10_4,3,9B4,169,3463,397
ME10,PME10_5,2,12C1,231,3464,398
ME8,PME8_1,3,15C1,291,3465,399
K100,PK100_1,2,1C1,11,3466,400
K100,PK100_2,3,11B5,210,3467,401
K100,PK100_3,2,12C5,235,3468,402
HB5,PHB5_1,3,3D4,59,3469,403
HB5,PHB5_2,2,7C5,135,3470,404
HB5,PHB5_3,3,1B1,6,3471,405
HB5,PHB5_4,2,6C3,113,3472,406
HB5,PHB5_5,3,5C1,91,3473,407
MB9,PMB9_1,2,1D4,19,3474,408
K8,PK8_1,3,3A4,44,3475,409
ME16,PME16_1,2,12D4,239,3476,410
ME16,PME16_2,3,3B4,49,3477,411
ME16,PME16_3,2,15B2,287,3478,412
ME17,PME17_1,3,3C4,54,3479,413
NR16,PNR16_1,2,5B5,90,3480,414
NR16,PNR16_2,3,15D3,298,3481,415
HB15,PHB15_1,2,11C4,214,3482,416
HB15,PHB15_2,3,14B4,269,3483,417
18.2xA6,P18.2xA6_1,2,3C3,53,3484,418
VR1,PVR1_1,3,5D4,99,3485,419
SWEUSE3,PSWEUSE3_1,2,4D2,77,3486,420
SWEUSE3,PSWEUSE3_2,3,8C5,155,3487,421
PK20,PPK20_1,2,15A2,282,3488,422
PK20,PPK20_2,3,14B2,267,3489,423
pel-101.1_1,P101.1_1,2,4A5,65,3490,424
pel-101.1_2,P101.1_2,3,7D1,136,3491,425
HB13,PHB13_1,2,16D2,317,3492,426
ME15,PME15_1,3,16D2,317,3493,427
ME15,PME15_2,2,13D3,258,3494,428
ME15,PME15_3,3,10A3,183,3495,429
ME15,PME15_4,2,7A2,122,3496,430
ME15,PME15_5,3,13D1,256,3497,431
K6,PK6_1,2,3A4,44,3498,432
MB12,PMB12_1,3,14B3,268,3499,433
MB12,PMB12_2,2,14A3,263,3500,434
MB12,PMB12_3,3,1B2,7,3501,435
FG17,PFG17_1,2,10C5,195,3502,436
K19,PK19_26,3,1D4,19,3503,437
K19,PK19_27,2,10D1,196,3504,438
MB16,PMB16_1,3,5B1,86,3505,439
MB16,PMB16_2,2,10A3,183,3506,440
MB16,PMB16_3,3,6A3,103,3507,441
MB16,PMB16_4,2,4A3,63,3508,442
EZ10,PEZ10_1,3,15D2,297,3509,443
EZ10,PEZ10_2,2,4B3,68,3510,444
EZ1,PEZ1_7,3,2D4,39,3511,445
VR4,PVR4_1,2,1C2,12,3512,446
SW4,PSW4_1,3,16D3,318,3513,447
SW4,PSW4_2,2,5D2,97,3514,448
SW4,PSW4_3,3,8A5,145,3515,449
SW4,PSW4_4,2,9B3,168,3516,450
HB12,PHB12_1,3,5C5,95,3517,451
HB12,PHB12_2,2,15B5,290,3518,452
HB12,PHB12_3,3,3B3,48,3519,453
FG21,PFG21_1,2,14C4,274,3520,454
FG21,PFG21_2,3,8D2,157,3521,455
FG21,PFG21_3,2,14D2,277,3522,456
FG21,PFG21_4,3,4C5,75,3523,457
FG21,PFG21_5,2,10D4,199,3524,458
HB33,PHB33_1,3,7B1,126,3525,459
HB33,PHB33_2,2,13B1,246,3526,460
HB33,PHB33_3,3,1B5,10,3527,461
HB33,PHB33_4,2,3B1,46,3528,462
HB33,PHB33_5,3,8D1,156,3529,463
SEW3,PSEW3_1,2,7B1,126,3530,464
SEW3,PSEW3_2,3,9D1,176,3531,465
FG29,PFG29_1,2,10A5,185,3532,466
FG29,PFG29_2,3,3533,467,,
FG29,PFG29_3,2,16D4,319,3534,468
SW714,PSW714_1,3,16A2,302,3535,469
EZ5,PEZ5_1,2,14D4,279,3536,470
EZ5,PEZ5_2,3,6B4,109,3537,471
EZ5,PEZ5_3,2,15D4,299,3538,472
fg2,Pfg2_1,3,12C4,234,3539,473
fg2,Pfg2_2,2,5C2,92,3540,474
fg2,Pfg2_3,3,15C4,294,3541,475
fg2,Pfg2_4,2,12D1,236,3542,476
fg2,Pfg2_5,3,5B3,88,3543,477
fg2,Pfg2_6,2,12B3,228,3544,478
fg2,Pfg2_7,3,3545,479,,
fg2,Pfg2_8,2,12A4,224,3546,480
pel-9.5_3_1,P9.5_3_1,3,11D1,216,3547,481
pel-9.5_3_2,P9.5_3_2,2,4D4,79,3548,482
pel-9.5_3_3,P9.5_3_3,3,11D3,218,3549,483
pel-40.05_1,P40.05_1,2,10D3,198,3550,484
pel-40.05_2,P40.05_2,3,2B1,26,3551,485
pel-40.05_3,P40.05_3,2,2D4,39,3552,486
pel-40.05_4,P40.05_4,3,2C4,34,3553,487
pel-20.1_1,P20.1_1,2,10A4,184,3554,488
pel-20.1_2,P20.1_2,3,10B2,187,3555,489
pel-20.1_3,P20.1_3,2,15C2,292,3556,490
pel-20.1_4,P20.1_4,3,8B2,147,3557,491
pel-20.1_5,P20.1_5,2,8A3,143,3558,492
pel-20.1_6,P20.1_6,3,4D1,76,3559,493
pel-20.1_7,P20.1_7,2,16B2,307,3560,494
pel-20.1_8,P20.1_8,3,7C4,134,3561,495
pel-20.1_9,P20.1_9,2,7A5,125,3562,496
pel-14.5_5,P14.5_5,3,4D4,79,3563,497
pel-9.6_4,P9.6_4,2,16C5,315,3564,498
pel-9.6_5,P9.6_5,3,14A2,262,3565,499
pel-21.10_1,P21.10_1,2,14A4,264,3566,500
pel-A9.1_1,PA9.1_1,3,15D1,296,3567,501
pel-A9.1_2,PA9.1_2,2,1D3,18,3568,502
pel-20.6_1,P20.6_1,3,6A5,105,3569,503
pel-20.6_2,P20.6_2,2,13C1,251,3570,504
pel-50.14_2,P50.14_2,3,4A5,65,3571,505
pel-14.4_3,P14.4_3,2,14B1,266,3572,506
pel-14.4_4,P14.4_4,3,3573,507,,
pel-51.14_4,P51.14_4,2,6C1,111,3574,508
pel-14.7_3_1,P14.7_3_1,3,4A3,63,3575,509
pel-14.7_3_2,P14.7_3_2,2,11C1,211,3576,510
pel-14.6_3_1,P14.6_3_1,3,8A4,144,3577,511
pel-14.6_3_2,P14.6_3_2,2,4B5,70,3578,512
pel-56.11_5,P56.11_5,3,14C2,272,3579,513
pel-56.11_6,P56.11_6,2,5D4,99,3580,514
pel-20.3_3_1,P20.3_3_1,3,8C2,152,3581,515
pel-20.3_3_2,P20.3_3_2,2,9D3,178,3582,516
pel-20.3_3_3,P20.3_3_3,3,16A4,304,3583,517
pel-20.3_3_4,P20.3_3_4,2,2B4,29,3584,518
pel-3.3_1,P3.3_1,3,10C4,194,3585,519
pel-3.3_2,P3.3_2,2,7D1,136,3586,520
pel-3.3_3,P3.3_3,3,4A4,64,3587,521
pel-9.6_3_2,P9.6_3_2,2,12D2,237,3588,522
pel-74.17_1,P74.17_1,3,5A2,82,3589,523
pel-74.17_2,P74.17_2,2,4C1,71,3590,524
pel-20.06_1,P20.06_1,3,4C2,72,3591,525
pel-20.06_2,P20.06_2,2,14C1,271,3592,526
pel-20.06_3,P20.06_3,3,7A3,123,3593,527
pel-24.26_1,P24.26_1,2,7B2,127,3594,528
pel-24.26_2,P24.26_2,3,13D3,258,3595,529
pel-24.26_3,P24.26_3,2,13C4,254,3596,530
pel-24.26_4,P24.26_4,3,2C2,32,3597,531
pel-24.26_5,P24.26_5,2,14D3,278,3598,532
pel-55.03_1,P55.03_1,3,10C5,195,3599,533
pel-9.4_1,P9.4_1,2,10C3,193,3600,534
pel-9.4_2,P9.4_2,3,16B1,306,3601,535
pel-9.4_3,P9.4_3,2,3602,536,,
pel-20.3_4,P20.3_4,3,8B1,146,3603,537
pel-21.8_1,P21.8_1,2,3B5,50,3604,538
pel-21.8_2,P21.8_2,3,12A5,225,3605,539
pel-21.8_3,P21.8_3,2,9B5,170,3606,540
pel-21.8_4,P21.8_4,3,16C4,314,3607,541
Pel-56.10_1,P56.10_1,2,6B3,108,3608,542
Pel-56.10_2,P56.10_2,3,16C3,313,3609,543
Pel-55.20_1,P55.20_1,2,16B5,310,3610,544
pel-9.5_1,P9.5_1,3,14C5,275,3611,545
pel-9.5_2,P9.5_2,2,15A3,283,3612,546
pel-18.2_1,P18.2_1,3,2B2,27,3613,547
pel-18.2_2,P18.2_2,2,11B2,207,3614,548
pel-9.7_3_1,P9.7_3_1,3,16C2,312,3615,549
pel-9.7_3_2,P9.7_3_2,2,6A3,103,3616,550
pel-19.6_3_1,P19.6_3_1,3,4B2,67,3617,551
pel-19.6_3_2,P19.6_3_2,2,2C1,31,3618,552
pel-19.6_3_3,P19.6_3_3,3,7B4,129,3619,553
pel-3.4_4,P3.4_4,2,3620,554,,
FG18,PFG18_1,3,5D3,98,3621,555
FG18,PFG18_2,2,14A5,265,3622,556
pel-45.3,P45.3_1,3,1B3,8,3623,557
pel-45.3,P45.3_2,2,3A2,42,3624,558
pel-45.3,P45.3_3,3,16B2,307,3625,559
pel-45.3,P45.3_4,2,7D4,139,3626,560
pel-19.6,P19.6_1,3,12D2,237,3627,561
pel-18.3xA6,P18.3xA6_1,2,2B3,28,3628,562
K7,PK7_1,3,10B4,189,3629,563
NR8,PNR8_1,2,12B1,226,3630,564
pel-45.6_3,P45.6_3_1,3,4B3,68,3631,565
pel-45.6_4,P45.6_3_2,2,2A4,24,3632,566
pel-beach1,Pbeach1_9,3,7D4,139,3633,567
pel-beach1,Pbeach1_10,2,9B4,169,3634,568
pel-beach1,Pbeach1_11,3,3B5,50,3635,569
pel-beach1,Pbeach1_12,2,1D2,17,3636,570
pel-beach1,Pbeach1_13,3,14D1,276,3637,571
pel-beach1,Pbeach1_14,2,8A2,142,3638,572
pel-beach1,Pbeach1_15,3,7A2,122,3639,573
pel-beach1,Pbeach1_16,2,5C3,93,3640,574
pel-beach1,Pbeach1_17,3,1C2,12,3641,575
pel-beach1,Pbeach1_18,2,6C4,114,3642,576
pel-beach1,Pbeach1_19,3,9B1,166,3643,577
pel-beach1,Pbeach1_20,2,10D2,197,3644,578
pel-beach1,Pbeach1_21,3,7C1,131,3645,579
pel-beach1,Pbeach1_22,2,6B4,109,3646,580
pel-beach1,Pbeach1_23,3,16A5,305,3647,581
pel-beach1,Pbeach1_24,2,3C1,51,3648,582
PK20,PPK20_3,3,13A4,244,3649,583
PK20,PPK20_4,2,7A3,123,3650,584
pel-18.3xA6,P18.3xA6_2,3,2C5,35,3651,585
pel-19.6,P19.6_2,2,4C2,72,3652,586
NR8,PNR8_2,3,11C3,213,3653,587
NR8,PNR8_3,2,1A3,3,3654,588
NR8,PNR8_4,3,15A2,282,3655,589
pel-20.06,P20.06_4,2,3656,590,,
pel-21.10,P21.10_2,3,5A3,83,3657,591
pel-18.2xA6,P18.2xA6_2,2,11D3,218,3658,592
pel-18.2xA6,P18.2xA6_3,3,10C3,193,3659,593
pel-56.10,P56.10_3,3660,594,,,
pel-56.10,P56.10_4,3,7B3,128,3661,595
ME16,PME16_4,2,5C1,91,3662,596
K6,PK6_1,3,2B3,28,3663,597
K6,PK6_2,2,6D3,118,3664,598
K6,PK6_3,3,2D2,37,3665,599
VR4,PVR4_2,2,8C3,153,3666,600
HB13,PHB13_2,3,3D1,56,3667,601
HB12,PMB12_4,2,6C5,115,3668,602
HB15,PHB15_3,3,2A2,22,3669,603
K100,PK100_4,2,4B2,67,3670,604
K7,PK7_2,3,2D1,36,3671,605
pel-45.6xA4,P45.6xA4_1,2,12C4,234,3672,606
pel-45.4_3,P45.4_3_1,3,1A3,3,3673,607
pel-45.4_3,P45.4_3_2,2,3D1,56,3674,608
pel-45.4_3,P45.4_3_3,3,12C1,231,3675,609
pel-24.6,P24.6_2,2,3C5,55,3676,612
pel-24.6,P24.6_1,3,6A2,102,3677,611
pel-18.1xA6,P18.1xA6_1,2,16A4,304,3678,614
ORW14,PORW14_1,3,16D4,319,3679,613
pel-45.5xA4,P45.4_A4_1,2,3A5,45,3680,616
pel-18.1xA6,P18.1xA6_2,3,12B4,224,3681,615
pel-45.5xA4,P45.4_A4_3,2,7C3,133,3682,618
pel-45.5xA4,P45.4_A4_2,3,7A4,124,3683,617
pel-45.2xA4,P45.2xA4_1,2,2C3,33,3684,620
pel-24.2,P24.2_3,3,6C2,112,3685,619
pel-45.2xA4,P45.2xA4_3,2,9C2,172,3686,622
pel-45.2xA4,P45.2xA4_2,3,10B5,190,3687,621
pel-45.5xA4,P45.5xA4_1,2,3D4,59,3688,624
pel-45.2xA4,P45.2xA4_4,3,13A5,245,3689,623
pel-21_10, P21_10_3,2,12C3,233,3690,626
pel-18.4xA6,P18.4xA6_1,2,1B2,7,3691,625
pel-45.4,P45.4_2,2,3C4,54,3692,628
pel-45.4,P45.4_1,3,13B5,250,3693,627
pel-24.3,P24.3_2,2,16D3,318,3694,632
pel-45.4,P45.4_3,3,12B2,227,3695,629
pel-45.5_3,P45.5_3_1,2,5C4,94,3696,634
pel-24.3,P24.3_1,3,13C4,254,3697,631
pel-EZ5,EZ5_4,2,4C3,73,3698,636
pel-tongaense,Ptongaense_8,3,9C1,171,3699,633
pel-19.6,P19.6_4,2,9C3,173,3700,640
pel-45.5_3,P45.5_3_2,3,9D4,179,3701,635
pel-3.6,P3.6_1,2,4D1,76,3702,642
pel-21.10,P21.10_3,3,8B5,150,3703,637
pel-25.6,P25.6_1,2,2D2,37,3704,644
pel-19.6,P19.6_3,3,14A4,264,3705,639
pel-50_51.8_3,P50_51.8_3_2,2,5A2,82,3706,646
pel-VR1,PVR1_2,3,9D2,177,3707,641
pel-2.3,P2.3_1,2,3A3,43,3708,648
pel-3.6,P3.6_2,3,3B1,46,3709,643
pel-50_51.8_3,P50_51.8_3_1,3,9A2,162,3711,645
pel-45.6,P45.6_1,3,10D4,199,3713,647
SB16,PSB16_1,3,4B1,66,3715,289
fg2,WOR_fg2.7,3,4D3,,7518,
EZ5.6,EZE_EZ5.6,5,13B2,,6088,
HB17,HB_HB17.3,5,6D3,,5848,
MB14,MID_MB14.2,5,7A5,,6128,
VR19,VR_VR19.3,3,9B4,,7007,
VR27,VR_VR27.11,3,10C4,,7008,
MEP2,ME_MEP2.9,3,11B1,,7009,
HB11,HB_HB11.17,3,14B1,,7012,
NR8,NR_NR8.16,3,5D2,,7014,
FG20,WOR_FG20.9,3,9D4,,7016,
ME17,ME_ME17.22,5,2A5,,7017,
HB43,HB_HB43.8,5,2C4,,7018,
M19,MB_M19.1,5,3A5,,7019,
VR19,VR_VR19.4,5,6A3,,7023,
UD13,UDP_UD13.12,5,8A2,,7024,
NR8,NR_NR8.15,5,8A5,,7025,
VR16,VR_VR16.3,5,9D3,,7028,
MB16,MB_MB16.2,5,10B3,,7029,
NR8,NR_NR8.14,5,11C3,,7030,
K7,KB_K7.3,5,13C2,,7031,
VR1,VR_VR1.9,5,14C5,,7032,
D,PK_D.6,5,14D3,,7033,
FG24,UDP_M4.15,5,9B4,,7038,
M13,UDP_M13.30,5,12A2,,7039,
K6,KB_K6.2,5,15D3,,7041,
NR12,NR_NR12.1,3,5C4,,7500,
EZE8,EZE_EZ8.4,3,6D2,,7501,
ME6,ME_ME6.12,3,12C1,,7502,
HB43,HB_HB43.7,3,15D3,,7504,
NR6.2,NR_NR6.2,5,7B1,,7506,
EZ19,EZE_EZ19.1,5,7B4,,7507,
MB11,MID_MB11.2,5,7C5,,7508,
ORW8,PK_ORW8.1,5,10D3,,7510,
UP45,UDP_UP45.26,5,12C4,,7512,
M4,UDP_M4.14,5,15B2,,7513,
HB41.14,HB_HB41.14,5,16B2,,7514,
MB12,MID_MB12.2,3,11D2,,7516,
NR9,NR_NR9.1,3,1A4,,7517,
MB14,MID_MB14.1,5,4D3,,7800,
UP39,UDP_UP39.11,3,3C3,,7099,
SW13,SW_SW13.1,,,,7519,
K15,KB_K15.31,,,,7520,
HB46,HB_HB46.12,,,,7521,
VR23,VR_VR23.25,,,,7522,
HB41,HB_HB41.10,,,,7523,
ME6,ME_ME6.45,,,,7524,
ME8,ME_ME8.26,,,,7525,
SEW6,SW_SEW6.9,,,,7526,
HB17,HB_HB17.6,,,,7527,
EZ2,EZE_EZ2.5,,,,7528,
K15,KB_K15.32,,,,7529,
NR9,NR_NR9.2,,,,7530,
